{
    "tags": [
      {
        "ID": 1,
        "pose": {
          "translation": {
            "x": 16.697198,
            "y": 0.65532,
            "z": 1.4859
          },
          "rotation": {
            "quaternion": {
              "W": 0.4539904997395468,
              "X": 0.0,
              "Y": 0.0,
              "Z": 0.8910065241883678
            }
          }
        }
      },
      
      {
        "ID": 6,
        "pose": {
          "translation": {
            "x": 13.474446,
            "y": 3.3063179999999996,
            "z": 0.308102
          },
          "rotation": {
            "quaternion": {
              "W": -0.8660254037844387,
              "X": -0.0,
              "Y": 0.0,
              "Z": 0.49999999999999994
            }
          }
        }
      }
    ],
    "field": {
      "length": 17.548,
      "width": 8.052
    }
  }